{"0": [[17.3799991607666, 23.340001702308655, 17.44999885559082, 1.9900009036064148], ["rock >10cm", "rock >10cm", "rock >10cm", "block"]], "1": [[37.95999884605408, 22.139999270439148], ["rock >10cm", "rock >10cm"]], "2": [[18.91000270843506, 10.159999132156372, 27.329999208450317], ["rock >10cm", "rock >10cm", "rock >10cm"]], "3": [[10.54999828338623, 15.000003576278687, 17.85999834537506, 10.78999936580658, 5.490000545978546], ["rock <10cm", "rock >10cm", "rock >10cm", "rock >10cm", "rock <10cm"]], "4": [[7.669997215270996, 20.109999179840088, 11.710003018379211, 16.279998421669006], ["rock <10cm", "rock >10cm", "rock <10cm", "rock >10cm"]], "0": [[17.3799991607666, 23.340001702308655, 17.44999885559082, 1.9900009036064148], ["rock <10cm", "rock >10cm", "rock >10cm", "block"]], "1": [[37.95999884605408, 22.139999270439148], ["rock >10cm", "rock >10cm"]], "2": [[18.91000270843506, 10.159999132156372, 27.329999208450317], ["rock >10cm", "rock >10cm", "rock >10cm"]], "3": [[10.54999828338623, 15.000003576278687, 17.85999834537506, 10.78999936580658, 5.490000545978546], ["rock <10cm", "rock >10cm", "rock >10cm", "rock >10cm", "rock <10cm"]], "4": [[7.669997215270996, 20.109999179840088, 11.710003018379211, 16.279998421669006], ["rock <10cm", "rock >10cm", "rock <10cm", "rock >10cm"]]}